{
	"vertices": [
		[
			-1.0,
			-1.0,
			-1.0
		],
		[
			-1.0,
			-1.0,
			1.0
		],
		[
			-1.0,
			1.0,
			-1.0
		],
		[
			-1.0,
			1.0,
			1.0
		],
		[
			-1.0,
			1.0,
			-1.0
		],
		[
			-1.0,
			-1.0,
			1.0
		],
		[
			-1.0,
			1.0,
			-1.0
		],
		[
			-1.0,
			1.0,
			1.0
		],
		[
			1.0,
			1.0,
			1.0
		],
		[
			1.0,
			1.0,
			-1.0
		],
		[
			-1.0,
			1.0,
			-1.0
		],
		[
			1.0,
			1.0,
			1.0
		],
		[
			1.0,
			1.0,
			-1.0
		],
		[
			1.0,
			1.0,
			1.0
		],
		[
			1.0,
			-1.0,
			1.0
		],
		[
			1.0,
			-1.0,
			1.0
		],
		[
			1.0,
			-1.0,
			-1.0
		],
		[
			1.0,
			1.0,
			-1.0
		],
		[
			1.0,
			-1.0,
			-1.0
		],
		[
			1.0,
			-1.0,
			1.0
		],
		[
			-1.0,
			-1.0,
			1.0
		],
		[
			-1.0,
			-1.0,
			1.0
		],
		[
			-1.0,
			-1.0,
			-1.0
		],
		[
			1.0,
			-1.0,
			-1.0
		],
		[
			-1.0,
			-1.0,
			1.0
		],
		[
			1.0,
			-1.0,
			1.0
		],
		[
			-1.0,
			1.0,
			1.0
		],
		[
			1.0,
			1.0,
			1.0
		],
		[
			-1.0,
			1.0,
			1.0
		],
		[
			1.0,
			-1.0,
			1.0
		],
		[
			-1.0,
			-1.0,
			-1.0
		],
		[
			1.0,
			1.0,
			-1.0
		],
		[
			1.0,
			-1.0,
			-1.0
		],
		[
			-1.0,
			1.0,
			-1.0
		],
		[
			1.0,
			1.0,
			-1.0
		],
		[
			-1.0,
			-1.0,
			-1.0
		]
	],
	"normals": [
		[
			-0.5773503184318542,
			-0.5773503184318542,
			-0.5773503184318542
		],
		[
			-0.5773503184318542,
			-0.5773503184318542,
			0.5773503184318542
		],
		[
			-0.5773503184318542,
			0.5773503184318542,
			-0.5773503184318542
		],
		[
			-0.5773503184318542,
			0.5773503184318542,
			0.5773503184318542
		],
		[
			-0.5773503184318542,
			0.5773503184318542,
			-0.5773503184318542
		],
		[
			-0.5773503184318542,
			-0.5773503184318542,
			0.5773503184318542
		],
		[
			-0.5773503184318542,
			0.5773503184318542,
			-0.5773503184318542
		],
		[
			-0.5773503184318542,
			0.5773503184318542,
			0.5773503184318542
		],
		[
			0.5773503184318542,
			0.5773503184318542,
			0.5773503184318542
		],
		[
			0.5773503184318542,
			0.5773503184318542,
			-0.5773503184318542
		],
		[
			-0.5773503184318542,
			0.5773503184318542,
			-0.5773503184318542
		],
		[
			0.5773503184318542,
			0.5773503184318542,
			0.5773503184318542
		],
		[
			0.5773503184318542,
			0.5773503184318542,
			-0.5773503184318542
		],
		[
			0.5773503184318542,
			0.5773503184318542,
			0.5773503184318542
		],
		[
			0.5773503184318542,
			-0.5773503184318542,
			0.5773503184318542
		],
		[
			0.5773503184318542,
			-0.5773503184318542,
			0.5773503184318542
		],
		[
			0.5773503184318542,
			-0.5773503184318542,
			-0.5773503184318542
		],
		[
			0.5773503184318542,
			0.5773503184318542,
			-0.5773503184318542
		],
		[
			0.5773503184318542,
			-0.5773503184318542,
			-0.5773503184318542
		],
		[
			0.5773503184318542,
			-0.5773503184318542,
			0.5773503184318542
		],
		[
			-0.5773503184318542,
			-0.5773503184318542,
			0.5773503184318542
		],
		[
			-0.5773503184318542,
			-0.5773503184318542,
			0.5773503184318542
		],
		[
			-0.5773503184318542,
			-0.5773503184318542,
			-0.5773503184318542
		],
		[
			0.5773503184318542,
			-0.5773503184318542,
			-0.5773503184318542
		],
		[
			-0.5773503184318542,
			-0.5773503184318542,
			0.5773503184318542
		],
		[
			0.5773503184318542,
			-0.5773503184318542,
			0.5773503184318542
		],
		[
			-0.5773503184318542,
			0.5773503184318542,
			0.5773503184318542
		],
		[
			0.5773503184318542,
			0.5773503184318542,
			0.5773503184318542
		],
		[
			-0.5773503184318542,
			0.5773503184318542,
			0.5773503184318542
		],
		[
			0.5773503184318542,
			-0.5773503184318542,
			0.5773503184318542
		],
		[
			-0.5773503184318542,
			-0.5773503184318542,
			-0.5773503184318542
		],
		[
			0.5773503184318542,
			0.5773503184318542,
			-0.5773503184318542
		],
		[
			0.5773503184318542,
			-0.5773503184318542,
			-0.5773503184318542
		],
		[
			-0.5773503184318542,
			0.5773503184318542,
			-0.5773503184318542
		],
		[
			0.5773503184318542,
			0.5773503184318542,
			-0.5773503184318542
		],
		[
			-0.5773503184318542,
			-0.5773503184318542,
			-0.5773503184318542
		]
	],
	"uvs": [
		[
			0.3730475902557373,
			-0.001143813133239746
		],
		[
			0.6230043172836304,
			-0.0011436939239501953
		],
		[
			0.3730475604534149,
			0.24881291389465332
		],
		[
			0.6230042576789856,
			0.2488129734992981
		],
		[
			0.3730475604534149,
			0.24881291389465332
		],
		[
			0.6230043172836304,
			-0.0011436939239501953
		],
		[
			0.3730475604534149,
			0.24881291389465332
		],
		[
			0.6230042576789856,
			0.2488129734992981
		],
		[
			0.6230042576789856,
			0.49876970052719116
		],
		[
			0.37304753065109253,
			0.4987696409225464
		],
		[
			0.3730475604534149,
			0.24881291389465332
		],
		[
			0.6230042576789856,
			0.49876970052719116
		],
		[
			0.37304753065109253,
			0.4987696409225464
		],
		[
			0.6230042576789856,
			0.49876970052719116
		],
		[
			0.6230042576789856,
			0.7487263679504395
		],
		[
			0.6230042576789856,
			0.7487263679504395
		],
		[
			0.3730475604534149,
			0.7487263083457947
		],
		[
			0.37304753065109253,
			0.4987696409225464
		],
		[
			0.3730475604534149,
			0.7487263083457947
		],
		[
			0.6230042576789856,
			0.7487263679504395
		],
		[
			0.6230042576789856,
			0.9986830949783325
		],
		[
			0.6230042576789856,
			0.9986830949783325
		],
		[
			0.37304753065109253,
			0.998682975769043
		],
		[
			0.3730475604534149,
			0.7487263083457947
		],
		[
			0.8729609251022339,
			0.7487263679504395
		],
		[
			0.6230042576789856,
			0.7487263679504395
		],
		[
			0.8729609251022339,
			0.4987696707248688
		],
		[
			0.6230042576789856,
			0.49876970052719116
		],
		[
			0.8729609251022339,
			0.4987696707248688
		],
		[
			0.6230042576789856,
			0.7487263679504395
		],
		[
			0.12309086322784424,
			0.7487263083457947
		],
		[
			0.37304753065109253,
			0.4987696409225464
		],
		[
			0.3730475604534149,
			0.7487263083457947
		],
		[
			0.12309086322784424,
			0.4987696707248688
		],
		[
			0.37304753065109253,
			0.4987696409225464
		],
		[
			0.12309086322784424,
			0.7487263083457947
		]
	],
	"indices": [
		5,
		3,
		2,
		1,
		2,
		3,
		2,
		1,
		6,
		0,
		2,
		6,
		0,
		6,
		7,
		7,
		4,
		0,
		4,
		7,
		3,
		3,
		5,
		4,
		3,
		7,
		1,
		6,
		1,
		7,
		5,
		0,
		4,
		2,
		0,
		5
	],
	"material_indices": [
		0,
		0,
		0,
		0,
		0,
		0,
		0,
		0,
		0,
		0,
		0,
		0
	],
	"materials": [
		{
			"index": 0,
			"type": "IMAGE_FILES",
			"name": "TestMaterial",
			"filenames": [
				"coord_texture.png"
			]
		}
	]
}
