{
	"vertices": [
		[
			-1.0,
			-1.0,
			-1.0
		],
		[
			-1.0,
			-1.0,
			1.0
		],
		[
			-1.0,
			1.0,
			-1.0
		],
		[
			-1.0,
			1.0,
			1.0
		],
		[
			-1.0,
			1.0,
			-1.0
		],
		[
			-1.0,
			-1.0,
			1.0
		],
		[
			-1.0,
			1.0,
			-1.0
		],
		[
			-1.0,
			1.0,
			1.0
		],
		[
			1.0,
			1.0,
			1.0
		],
		[
			1.0,
			1.0,
			-1.0
		],
		[
			-1.0,
			1.0,
			-1.0
		],
		[
			1.0,
			1.0,
			1.0
		],
		[
			1.0,
			1.0,
			-1.0
		],
		[
			1.0,
			1.0,
			1.0
		],
		[
			1.0,
			-1.0,
			1.0
		],
		[
			1.0,
			-1.0,
			1.0
		],
		[
			1.0,
			-1.0,
			-1.0
		],
		[
			1.0,
			1.0,
			-1.0
		],
		[
			1.0,
			-1.0,
			-1.0
		],
		[
			1.0,
			-1.0,
			1.0
		],
		[
			-1.0,
			-1.0,
			1.0
		],
		[
			-1.0,
			-1.0,
			1.0
		],
		[
			-1.0,
			-1.0,
			-1.0
		],
		[
			1.0,
			-1.0,
			-1.0
		],
		[
			-1.0,
			-1.0,
			1.0
		],
		[
			1.0,
			-1.0,
			1.0
		],
		[
			-1.0,
			1.0,
			1.0
		],
		[
			1.0,
			1.0,
			1.0
		],
		[
			-1.0,
			1.0,
			1.0
		],
		[
			1.0,
			-1.0,
			1.0
		],
		[
			-1.0,
			-1.0,
			-1.0
		],
		[
			1.0,
			1.0,
			-1.0
		],
		[
			1.0,
			-1.0,
			-1.0
		],
		[
			-1.0,
			1.0,
			-1.0
		],
		[
			1.0,
			1.0,
			-1.0
		],
		[
			-1.0,
			-1.0,
			-1.0
		]
	],
	"normals": [
		[
			-0.5773503184318542,
			-0.5773503184318542,
			-0.5773503184318542
		],
		[
			-0.5773503184318542,
			-0.5773503184318542,
			0.5773503184318542
		],
		[
			-0.5773503184318542,
			0.5773503184318542,
			-0.5773503184318542
		],
		[
			-0.5773503184318542,
			0.5773503184318542,
			0.5773503184318542
		],
		[
			-0.5773503184318542,
			0.5773503184318542,
			-0.5773503184318542
		],
		[
			-0.5773503184318542,
			-0.5773503184318542,
			0.5773503184318542
		],
		[
			-0.5773503184318542,
			0.5773503184318542,
			-0.5773503184318542
		],
		[
			-0.5773503184318542,
			0.5773503184318542,
			0.5773503184318542
		],
		[
			0.5773503184318542,
			0.5773503184318542,
			0.5773503184318542
		],
		[
			0.5773503184318542,
			0.5773503184318542,
			-0.5773503184318542
		],
		[
			-0.5773503184318542,
			0.5773503184318542,
			-0.5773503184318542
		],
		[
			0.5773503184318542,
			0.5773503184318542,
			0.5773503184318542
		],
		[
			0.5773503184318542,
			0.5773503184318542,
			-0.5773503184318542
		],
		[
			0.5773503184318542,
			0.5773503184318542,
			0.5773503184318542
		],
		[
			0.5773503184318542,
			-0.5773503184318542,
			0.5773503184318542
		],
		[
			0.5773503184318542,
			-0.5773503184318542,
			0.5773503184318542
		],
		[
			0.5773503184318542,
			-0.5773503184318542,
			-0.5773503184318542
		],
		[
			0.5773503184318542,
			0.5773503184318542,
			-0.5773503184318542
		],
		[
			0.5773503184318542,
			-0.5773503184318542,
			-0.5773503184318542
		],
		[
			0.5773503184318542,
			-0.5773503184318542,
			0.5773503184318542
		],
		[
			-0.5773503184318542,
			-0.5773503184318542,
			0.5773503184318542
		],
		[
			-0.5773503184318542,
			-0.5773503184318542,
			0.5773503184318542
		],
		[
			-0.5773503184318542,
			-0.5773503184318542,
			-0.5773503184318542
		],
		[
			0.5773503184318542,
			-0.5773503184318542,
			-0.5773503184318542
		],
		[
			-0.5773503184318542,
			-0.5773503184318542,
			0.5773503184318542
		],
		[
			0.5773503184318542,
			-0.5773503184318542,
			0.5773503184318542
		],
		[
			-0.5773503184318542,
			0.5773503184318542,
			0.5773503184318542
		],
		[
			0.5773503184318542,
			0.5773503184318542,
			0.5773503184318542
		],
		[
			-0.5773503184318542,
			0.5773503184318542,
			0.5773503184318542
		],
		[
			0.5773503184318542,
			-0.5773503184318542,
			0.5773503184318542
		],
		[
			-0.5773503184318542,
			-0.5773503184318542,
			-0.5773503184318542
		],
		[
			0.5773503184318542,
			0.5773503184318542,
			-0.5773503184318542
		],
		[
			0.5773503184318542,
			-0.5773503184318542,
			-0.5773503184318542
		],
		[
			-0.5773503184318542,
			0.5773503184318542,
			-0.5773503184318542
		],
		[
			0.5773503184318542,
			0.5773503184318542,
			-0.5773503184318542
		],
		[
			-0.5773503184318542,
			-0.5773503184318542,
			-0.5773503184318542
		]
	],
	"uvs": [
		[
			0.37555086612701416,
			-3.11058247461915e-05
		],
		[
			0.6255075931549072,
			-3.098661545664072e-05
		],
		[
			0.3755508363246918,
			0.2499256134033203
		],
		[
			0.6255075335502625,
			0.2499256730079651
		],
		[
			0.3755508363246918,
			0.2499256134033203
		],
		[
			0.6255075931549072,
			-3.098661545664072e-05
		],
		[
			0.3755508363246918,
			0.2499256134033203
		],
		[
			0.6255075335502625,
			0.2499256730079651
		],
		[
			0.6255075335502625,
			0.49988240003585815
		],
		[
			0.3755508065223694,
			0.4998823404312134
		],
		[
			0.3755508363246918,
			0.2499256134033203
		],
		[
			0.6255075335502625,
			0.49988240003585815
		],
		[
			0.3755508065223694,
			0.4998823404312134
		],
		[
			0.6255075335502625,
			0.49988240003585815
		],
		[
			0.6255075335502625,
			0.7498390674591064
		],
		[
			0.6255075335502625,
			0.7498390674591064
		],
		[
			0.3755508363246918,
			0.7498390674591064
		],
		[
			0.3755508065223694,
			0.4998823404312134
		],
		[
			0.3755508363246918,
			0.7498390674591064
		],
		[
			0.6255075335502625,
			0.7498390674591064
		],
		[
			0.6255075335502625,
			0.9997957944869995
		],
		[
			0.6255075335502625,
			0.9997957944869995
		],
		[
			0.3755508065223694,
			0.99979567527771
		],
		[
			0.3755508363246918,
			0.7498390674591064
		],
		[
			0.8754642009735107,
			0.7498390674591064
		],
		[
			0.6255075335502625,
			0.7498390674591064
		],
		[
			0.8754642009735107,
			0.49988237023353577
		],
		[
			0.6255075335502625,
			0.49988240003585815
		],
		[
			0.8754642009735107,
			0.49988237023353577
		],
		[
			0.6255075335502625,
			0.7498390674591064
		],
		[
			0.1255941241979599,
			0.7498390674591064
		],
		[
			0.3755508065223694,
			0.4998823404312134
		],
		[
			0.3755508363246918,
			0.7498390674591064
		],
		[
			0.1255941241979599,
			0.49988237023353577
		],
		[
			0.3755508065223694,
			0.4998823404312134
		],
		[
			0.1255941241979599,
			0.7498390674591064
		]
	],
	"indices": [
		5,
		3,
		2,
		1,
		2,
		3,
		2,
		1,
		6,
		0,
		2,
		6,
		0,
		6,
		7,
		7,
		4,
		0,
		4,
		7,
		3,
		3,
		5,
		4,
		3,
		7,
		1,
		6,
		1,
		7,
		5,
		0,
		4,
		2,
		0,
		5
	],
	"material_indices": [
		0,
		0,
		0,
		0,
		0,
		0,
		0,
		0,
		0,
		0,
		0,
		0
	],
	"materials": [
		{
			"index": 0,
			"type": "IMAGE_FILES",
			"name": "TestMaterial",
			"filenames": [
				"coord_texture.png"
			]
		}
	]
}
