{
	"vertices": [
		[
			1,
			1,
			1
		],
		[
			-1,
			1,
			1
		],
		[
			-1,
			-1,
			1
		],
		[
			1,
			-1,
			1
		],
		[
			1,
			-1,
			-1
		],
		[
			1,
			-1,
			1
		],
		[
			-1,
			-1,
			1
		],
		[
			-1,
			-1,
			-1
		],
		[
			-1,
			-1,
			-1
		],
		[
			-1,
			-1,
			1
		],
		[
			-1,
			1,
			1
		],
		[
			-1,
			1,
			-1
		],
		[
			-1,
			1,
			-1
		],
		[
			1,
			1,
			-1
		],
		[
			1,
			-1,
			-1
		],
		[
			-1,
			-1,
			-1
		],
		[
			1,
			1,
			-1
		],
		[
			1,
			1,
			1
		],
		[
			1,
			-1,
			1
		],
		[
			1,
			-1,
			-1
		],
		[
			-1,
			1,
			-1
		],
		[
			-1,
			1,
			1
		],
		[
			1,
			1,
			1
		],
		[
			1,
			1,
			-1
		]
	],
	"normals": [
		[
			0.577350318431854,
			0.577350318431854,
			0.577350318431854
		],
		[
			-0.57735031843185,
			0.577350318431854,
			0.577350318431854
		],
		[
			-0.57735031843185,
			-0.57735031843185,
			0.577350318431854
		],
		[
			0.577350318431854,
			-0.57735031843185,
			0.577350318431854
		],
		[
			0.577350318431854,
			-0.57735031843185,
			-0.57735031843185
		],
		[
			0.577350318431854,
			-0.57735031843185,
			0.577350318431854
		],
		[
			-0.57735031843185,
			-0.57735031843185,
			0.577350318431854
		],
		[
			-0.57735031843185,
			-0.57735031843185,
			-0.57735031843185
		],
		[
			-0.57735031843185,
			-0.57735031843185,
			-0.57735031843185
		],
		[
			-0.57735031843185,
			-0.57735031843185,
			0.577350318431854
		],
		[
			-0.57735031843185,
			0.577350318431854,
			0.577350318431854
		],
		[
			-0.57735031843185,
			0.577350318431854,
			-0.57735031843185
		],
		[
			-0.57735031843185,
			0.577350318431854,
			-0.57735031843185
		],
		[
			0.577350318431854,
			0.577350318431854,
			-0.57735031843185
		],
		[
			0.577350318431854,
			-0.57735031843185,
			-0.57735031843185
		],
		[
			-0.57735031843185,
			-0.57735031843185,
			-0.57735031843185
		],
		[
			0.577350318431854,
			0.577350318431854,
			-0.57735031843185
		],
		[
			0.577350318431854,
			0.577350318431854,
			0.577350318431854
		],
		[
			0.577350318431854,
			-0.57735031843185,
			0.577350318431854
		],
		[
			0.577350318431854,
			-0.57735031843185,
			-0.57735031843185
		],
		[
			-0.57735031843185,
			0.577350318431854,
			-0.57735031843185
		],
		[
			-0.57735031843185,
			0.577350318431854,
			0.577350318431854
		],
		[
			0.577350318431854,
			0.577350318431854,
			0.577350318431854
		],
		[
			0.577350318431854,
			0.577350318431854,
			-0.57735031843185
		]
	],
	"uvs": [
		[
			0.625,
			0.5
		],
		[
			0.875,
			0.5
		],
		[
			0.875,
			0.75
		],
		[
			0.625,
			0.75
		],
		[
			0.375,
			0.75
		],
		[
			0.625,
			0.75
		],
		[
			0.625,
			1
		],
		[
			0.375,
			1
		],
		[
			0.375,
			0
		],
		[
			0.625,
			0
		],
		[
			0.625,
			0.25
		],
		[
			0.375,
			0.25
		],
		[
			0.125,
			0.5
		],
		[
			0.375,
			0.5
		],
		[
			0.375,
			0.75
		],
		[
			0.125,
			0.75
		],
		[
			0.375,
			0.5
		],
		[
			0.625,
			0.5
		],
		[
			0.625,
			0.75
		],
		[
			0.375,
			0.75
		],
		[
			0.375,
			0.25
		],
		[
			0.625,
			0.25
		],
		[
			0.625,
			0.5
		],
		[
			0.375,
			0.5
		]
	],
	"indices": [
		0,
		4,
		6,
		2,
		3,
		2,
		6,
		7,
		7,
		6,
		4,
		5,
		5,
		1,
		3,
		7,
		1,
		0,
		2,
		3,
		5,
		4,
		0,
		1
	],
	"material_indices": [
		0,
		2,
		3,
		0,
		1,
		0
	],
	"materials": [
		{
			"index": 0,
			"type": "IMAGE_FILES",
			"name": "TestMaterial",
			"filenames": [
				"coord_texture.png"
			]
		},
		{
			"index": 1,
			"type": "BASIC",
			"name": "ExportTestMaterialUseNodesUnchecked",
			"color": [
				0.215859964489937,
				0,
				1,
				1
			]
		},
		{
			"index": 2,
			"type": "DEFAULT",
			"name": "Default"
		},
		{
			"index": 3,
			"type": "BASIC",
			"name": "ExportTestMaterialUseNodesUnchecked2",
			"color": [
				0.215859964489937,
				0.00999999977648258,
				0.980000019073486,
				0.959999978542328
			]
		}
	]
}